,Unnamed: 0,Rating,Founded
0,0,3.0,1961
1,1,3.0,1893
2,2,3.0,2003
3,3,4.0,2002
4,4,3.0,2009
5,5,3.0,2014
6,6,4.0,2001
7,7,3.0,1914
8,8,4.0,1896
9,9,4.0,2013
10,10,4.0,1841
11,11,-1.0,-1
12,12,3.0,1884
13,13,3.0,2004
14,14,3.0,2016
15,15,3.0,-1
16,16,3.0,2001
17,17,3.0,1996
18,18,3.0,1958
19,19,4.0,2006
20,20,4.0,1998
21,21,-1.0,-1
22,22,3.0,1969
23,23,3.0,-1
24,24,3.0,-1
25,25,4.0,-1
26,26,5.0,2011
27,27,4.0,2017
28,28,3.0,-1
29,29,4.0,-1
30,30,3.0,2005
31,31,3.0,-1
32,32,3.0,-1
33,33,3.0,2011
34,34,-1.0,-1
35,35,3.0,1904
36,36,-1.0,2018
37,37,3.0,-1
38,38,4.0,1841
39,39,4.0,-1
40,40,-1.0,-1
41,41,-1.0,-1
42,42,5.0,2016
43,43,4.0,-1
44,44,3.0,2013
45,45,2.0,1956
46,46,4.0,-1
47,47,3.0,2007
48,48,4.0,1990
49,49,3.0,2002
50,50,4.0,1923
51,51,3.0,1990
52,52,3.0,1990
53,53,3.0,2015
54,54,3.0,1969
55,55,-1.0,-1
56,56,4.0,1923
57,57,3.0,1951
58,58,3.0,1981
59,59,3.0,2000
60,60,4.0,2017
61,61,3.0,1998
62,62,3.0,1998
63,63,3.0,1998
64,64,4.0,1966
65,65,3.0,2005
66,66,3.0,-1
67,67,3.0,1939
68,68,-1.0,-1
69,69,3.0,2002
70,70,3.0,1999
71,71,-1.0,-1
72,72,3.0,-1
73,73,3.0,1812
74,74,3.0,-1
75,75,4.0,1945
76,76,3.0,1985
77,77,3.0,-1
78,78,5.0,-1
79,79,4.0,-1
80,80,4.0,-1
81,81,5.0,-1
82,82,3.0,2003
83,83,4.0,1984
84,84,4.0,-1
85,85,-1.0,-1
86,86,1.0,-1
87,87,3.0,2011
88,88,4.0,2004
89,89,3.0,2007
90,90,-1.0,-1
91,91,3.0,1962
92,92,4.0,1996
93,93,4.0,2011
94,94,3.0,1995
95,95,3.0,-1
96,96,-1.0,-1
97,97,3.0,-1
98,98,4.0,2017
99,99,2.0,-1
100,100,3.0,2012
101,101,4.0,2011
102,102,3.0,1967
103,103,3.0,1799
104,104,3.0,-1
105,105,4.0,-1
106,106,5.0,-1
107,107,4.0,2004
108,108,-1.0,-1
109,109,-1.0,-1
110,110,3.0,-1
111,111,3.0,1918
112,112,3.0,1948
113,113,2.0,1994
114,114,5.0,2014
115,115,3.0,1967
116,116,3.0,1895
117,117,3.0,2004
118,118,-1.0,2018
119,119,3.0,-1
120,120,3.0,-1
121,121,3.0,1845
122,122,3.0,1968
123,123,4.0,-1
124,124,5.0,2008
125,125,3.0,1911
126,126,4.0,1997
127,127,3.0,1995
128,128,2.0,2015
129,129,3.0,1832
130,130,3.0,2009
131,131,3.0,-1
132,132,3.0,-1
133,133,4.0,2004
134,134,4.0,-1
135,135,2.0,1934
136,136,4.0,1998
137,137,4.0,-1
138,138,3.0,1990
139,139,3.0,-1
140,140,2.0,-1
141,141,3.0,1938
142,142,4.0,2008
143,143,3.0,2002
144,144,4.0,1963
145,145,-1.0,1996
146,146,5.0,-1
147,147,3.0,1994
148,148,3.0,-1
149,149,2.0,-1
150,150,4.0,1841
151,151,3.0,2013
152,152,3.0,2013
153,153,-1.0,-1
154,154,3.0,1992
155,155,3.0,-1
156,156,3.0,1977
157,157,-1.0,-1
158,158,3.0,2013
159,159,3.0,2009
160,160,3.0,-1
161,161,3.0,2000
162,162,-1.0,-1
163,163,3.0,2015
164,164,3.0,1992
165,165,4.0,1998
166,166,2.0,2015
167,167,-1.0,-1
168,168,3.0,1984
169,169,2.0,1886
170,170,4.0,-1
171,171,3.0,2002
172,172,2.0,-1
173,173,3.0,1862
174,174,-1.0,-1
175,175,3.0,1999
176,176,3.0,2008
177,177,3.0,1906
178,178,3.0,2015
179,179,-1.0,-1
180,180,3.0,1998
181,181,4.0,-1
182,182,4.0,2012
183,183,4.0,2004
184,184,3.0,1997
185,185,3.0,2011
186,186,-1.0,-1
187,187,3.0,1981
188,188,3.0,1812
189,189,3.0,-1
190,190,3.0,1969
191,191,3.0,1862
192,192,3.0,1993
193,193,3.0,2011
194,194,-1.0,-1
195,195,3.0,1935
196,196,4.0,2003
197,197,3.0,-1
198,198,3.0,1990
199,199,4.0,-1
200,200,3.0,1884
201,201,3.0,-1
202,202,3.0,-1
203,203,3.0,1971
204,204,-1.0,1996
205,205,-1.0,-1
206,206,5.0,-1
207,207,3.0,2018
208,208,3.0,-1
209,209,3.0,1989
210,210,1.0,-1
211,211,5.0,2008
212,212,5.0,2012
213,213,3.0,1981
214,214,4.0,-1
215,215,3.0,1966
216,216,-1.0,-1
217,217,3.0,1968
218,218,3.0,1812
219,219,4.0,1923
220,220,3.0,1967
221,221,3.0,1969
222,222,-1.0,-1
223,223,3.0,-1
224,224,3.0,1999
225,225,4.0,-1
226,226,4.0,1981
227,227,-1.0,-1
228,228,2.0,1859
229,229,3.0,1996
230,230,4.0,1990
231,231,4.0,2011
232,232,4.0,1984
233,233,3.0,1985
234,234,2.0,1997
235,235,3.0,2008
236,236,-1.0,-1
237,237,3.0,1946
238,238,5.0,-1
239,239,3.0,1799
240,240,3.0,1967
241,241,3.0,1984
242,242,3.0,-1
243,243,3.0,1818
244,244,3.0,-1
245,245,3.0,1946
246,246,3.0,1932
247,247,-1.0,-1
248,248,3.0,1938
249,249,4.0,1923
250,250,3.0,2002
251,251,3.0,1967
252,252,4.0,2018
253,253,-1.0,-1
254,254,3.0,1998
255,255,-1.0,-1
256,256,3.0,1784
257,257,2.0,1956
258,258,2.0,-1
259,259,-1.0,-1
260,260,4.0,-1
261,261,3.0,-1
262,262,3.0,1996
263,263,3.0,-1
264,264,4.0,2008
265,265,4.0,-1
266,266,2.0,-1
267,267,-1.0,-1
268,268,3.0,2002
269,269,4.0,2012
270,270,3.0,1896
271,271,5.0,-1
272,272,-1.0,-1
273,273,3.0,2000
274,274,3.0,2002
275,275,3.0,-1
276,276,-1.0,-1
277,277,4.0,1997
278,278,4.0,2011
279,279,-1.0,-1
280,280,3.0,1998
281,281,3.0,-1
282,282,3.0,1985
283,283,3.0,1993
284,284,-1.0,-1
285,285,3.0,2002
286,286,4.0,1998
287,287,3.0,1784
288,288,3.0,1856
289,289,-1.0,-1
290,290,3.0,1977
291,291,-1.0,-1
292,292,3.0,1989
293,293,4.0,2008
294,294,4.0,2004
295,295,3.0,1989
296,296,4.0,1966
297,297,3.0,1978
298,298,3.0,1996
299,299,3.0,1946
300,300,3.0,1812
301,301,-1.0,-1
302,302,3.0,1799
303,303,4.0,1984
304,304,3.0,1912
305,305,4.0,1998
306,306,3.0,1985
307,307,3.0,2001
308,308,4.0,2011
309,309,3.0,1998
310,310,3.0,-1
311,311,3.0,2009
312,312,4.0,1996
313,313,2.0,1997
314,314,4.0,2004
315,315,-1.0,-1
316,316,3.0,1997
317,317,3.0,1799
318,318,4.0,1985
319,319,3.0,1957
320,320,3.0,1946
321,321,3.0,2002
322,322,4.0,2006
323,323,3.0,2003
324,324,3.0,-1
325,325,3.0,2012
326,326,3.0,1997
327,327,-1.0,-1
328,328,3.0,2018
329,329,3.0,1799
330,330,-1.0,-1
331,331,2.0,1937
332,332,4.0,2004
333,333,4.0,2004
334,334,3.0,1982
335,335,4.0,2004
336,336,3.0,1964
337,337,2.0,-1
338,338,3.0,1932
339,339,3.0,1984
340,340,3.0,2005
341,341,2.0,1937
342,342,2.0,2004
343,343,4.0,-1
344,344,4.0,-1
345,345,2.0,2000
346,346,5.0,2008
347,347,3.0,2008
348,348,4.0,-1
349,349,4.0,2011
350,350,-1.0,-1
351,351,3.0,1948
352,352,2.0,1977
353,353,3.0,1967
354,354,-1.0,2018
355,355,-1.0,-1
356,356,5.0,1992
357,357,3.0,2018
358,358,3.0,1990
359,359,2.0,-1
360,360,2.0,1978
361,361,3.0,1985
362,362,3.0,1799
363,363,4.0,-1
364,364,-1.0,-1
365,365,4.0,1841
366,366,5.0,-1
367,367,3.0,-1
368,368,3.0,1996
369,369,3.0,1984
370,370,4.0,2004
371,371,2.0,2000
372,372,3.0,1784
373,373,3.0,1982
374,374,3.0,2013
375,375,3.0,2002
376,376,3.0,1995
377,377,3.0,1999
378,378,3.0,1977
379,379,2.0,1985
380,380,4.0,2008
381,381,2.0,-1
382,382,4.0,2013
383,383,-1.0,-1
384,384,4.0,2009
385,385,5.0,1992
386,386,4.0,-1
387,387,3.0,1784
388,388,4.0,2011
389,389,3.0,1984
390,390,5.0,-1
391,391,3.0,-1
392,392,4.0,2004
393,393,4.0,1999
394,394,3.0,-1
395,395,3.0,2011
396,396,-1.0,-1
397,397,3.0,1982
398,398,4.0,2004
399,399,4.0,-1
400,400,3.0,1967
401,401,2.0,-1
402,402,3.0,-1
403,403,-1.0,-1
404,404,-1.0,-1
405,405,4.0,-1
406,406,3.0,1784
407,407,3.0,1993
408,408,-1.0,-1
409,409,5.0,2008
410,410,3.0,1784
411,411,3.0,1989
412,412,3.0,1962
413,413,-1.0,-1
414,414,2.0,-1
415,415,3.0,2011
416,416,4.0,2008
417,417,3.0,2018
418,418,4.0,-1
419,419,3.0,-1
420,420,3.0,2018
421,421,-1.0,-1
422,422,2.0,-1
423,423,4.0,1850
424,424,3.0,1983
425,425,4.0,-1
426,426,4.0,-1
427,427,4.0,-1
428,428,4.0,2018
429,429,4.0,2011
430,430,4.0,2001
431,431,4.0,1869
432,432,4.0,1998
433,433,3.0,2000
434,434,2.0,-1
435,435,3.0,-1
436,436,3.0,-1
437,437,2.0,1995
438,438,3.0,1947
439,439,-1.0,-1
440,440,4.0,2011
441,441,3.0,1996
442,442,2.0,2001
443,443,3.0,1994
444,444,-1.0,-1
445,445,-1.0,-1
446,446,5.0,-1
447,447,3.0,2011
448,448,3.0,-1
449,449,4.0,2011
450,450,4.0,2006
451,451,3.0,2011
452,452,2.0,1995
453,453,4.0,2004
454,454,3.0,1948
455,455,3.0,-1
456,456,3.0,1968
457,457,4.0,1984
458,458,2.0,1868
459,459,2.0,1992
460,460,2.0,1996
461,461,5.0,2008
462,462,4.0,2000
463,463,3.0,-1
464,464,1.0,-1
465,465,3.0,-1
466,466,5.0,2008
467,467,4.0,2000
468,468,3.0,-1
469,469,3.0,1936
470,470,3.0,1914
471,471,1.0,1935
472,472,3.0,1998
473,473,3.0,1997
474,474,5.0,2015
475,475,5.0,2008
476,476,3.0,-1
477,477,3.0,1997
478,478,4.0,2000
479,479,-1.0,-1
480,480,3.0,2014
481,481,3.0,1997
482,482,3.0,2002
483,483,3.0,-1
484,484,3.0,1962
485,485,3.0,1992
486,486,4.0,2000
487,487,3.0,1997
488,488,3.0,1906
489,489,3.0,1962
490,490,1.0,-1
491,491,5.0,2015
492,492,3.0,2002
493,493,3.0,2018
494,494,3.0,2002
495,495,-1.0,-1
496,496,3.0,2018
497,497,3.0,1998
498,498,3.0,1962
499,499,-1.0,-1
500,500,3.0,-1
501,501,3.0,2001
502,502,-1.0,-1
503,503,3.0,2000
504,504,3.0,2000
505,505,5.0,2008
506,506,5.0,2008
507,507,4.0,1853
508,508,3.0,1996
509,509,3.0,1984
510,510,5.0,2008
511,511,5.0,2008
512,512,3.0,1984
513,513,3.0,1996
514,514,3.0,2010
515,515,3.0,1996
516,516,5.0,2014
517,517,-1.0,2013
518,518,5.0,2008
519,519,3.0,-1
520,520,5.0,2018
521,521,3.0,2017
522,522,4.0,1996
523,523,4.0,2014
524,524,3.0,1996
525,525,4.0,1997
526,526,4.0,2016
527,527,-1.0,-1
528,528,4.0,-1
529,529,-1.0,-1
530,530,3.0,2000
531,531,3.0,-1
532,532,5.0,2011
533,533,3.0,-1
534,534,3.0,1902
535,535,-1.0,-1
536,536,3.0,1948
537,537,3.0,2012
538,538,4.0,-1
539,539,4.0,2007
540,540,4.0,2014
541,541,3.0,1944
542,542,-1.0,-1
543,543,3.0,-1
544,544,4.0,1888
545,545,3.0,2002
546,546,3.0,2000
547,547,-1.0,2017
548,548,3.0,1902
549,549,3.0,2013
550,550,3.0,1971
551,551,5.0,-1
552,552,3.0,2007
553,553,3.0,-1
554,554,4.0,1880
555,555,3.0,1973
556,556,4.0,2016
557,557,3.0,1923
558,558,-1.0,-1
559,559,3.0,-1
560,560,3.0,1982
561,561,3.0,1902
562,562,3.0,1931
563,563,3.0,2003
564,564,4.0,1987
565,565,4.0,2014
566,566,3.0,1938
567,567,2.0,-1
568,568,2.0,-1
569,569,3.0,1978
570,570,5.0,2008
571,571,3.0,-1
572,572,5.0,-1
573,573,3.0,1996
574,574,3.0,1902
575,575,-1.0,-1
576,576,4.0,1990
577,577,3.0,-1
578,578,5.0,-1
579,579,-1.0,-1
580,580,3.0,1997
581,581,3.0,-1
582,582,3.0,2001
583,583,3.0,2016
584,584,4.0,2015
585,585,4.0,1989
586,586,3.0,1997
587,587,3.0,-1
588,588,3.0,1971
589,589,3.0,2009
590,590,3.0,1998
591,591,3.0,1948
592,592,4.0,2019
593,593,5.0,-1
594,594,4.0,2017
595,595,4.0,1919
596,596,3.0,1948
597,597,3.0,1979
598,598,2.0,2012
599,599,3.0,2013
600,600,5.0,2008
601,601,-1.0,-1
602,602,4.0,1945
603,603,3.0,1983
604,604,3.0,1973
605,605,3.0,1954
606,606,4.0,2005
607,607,-1.0,-1
608,608,-1.0,-1
609,609,3.0,1954
610,610,-1.0,-1
611,611,3.0,1998
612,612,-1.0,-1
613,613,4.0,1966
614,614,3.0,-1
615,615,3.0,2003
616,616,3.0,1980
617,617,3.0,2013
618,618,3.0,2006
619,619,3.0,1911
620,620,3.0,1980
621,621,4.0,2001
622,622,-1.0,-1
623,623,3.0,2016
624,624,2.0,1948
625,625,3.0,1961
626,626,3.0,1980
627,627,-1.0,-1
628,628,3.0,2016
629,629,-1.0,-1
630,630,3.0,1994
631,631,5.0,-1
632,632,4.0,1996
633,633,3.0,-1
634,634,3.0,1998
635,635,-1.0,-1
636,636,4.0,-1
637,637,4.0,2005
638,638,3.0,-1
639,639,3.0,1954
640,640,5.0,-1
641,641,3.0,1939
642,642,4.0,1996
643,643,4.0,1994
644,644,3.0,2010
645,645,4.0,1976
646,646,3.0,-1
647,647,5.0,-1
648,648,3.0,2011
649,649,3.0,-1
650,650,3.0,2016
651,651,-1.0,-1
652,652,-1.0,-1
653,653,3.0,1954
654,654,3.0,1995
655,655,3.0,2002
656,656,1.0,-1
657,657,3.0,1980
658,658,4.0,2014
659,659,-1.0,-1
660,660,-1.0,-1
661,661,-1.0,-1
662,662,3.0,1935
663,663,2.0,1994
664,664,3.0,1979
665,665,3.0,2001
666,666,3.0,-1
667,667,4.0,1872
668,668,4.0,1939
669,669,-1.0,-1
670,670,3.0,1982
671,671,3.0,1990
672,672,3.0,2003
673,673,5.0,-1
674,674,-1.0,-1
675,675,2.0,-1
676,676,3.0,2003
677,677,3.0,2006
678,678,3.0,1990
679,679,2.0,-1
680,680,3.0,1977
681,681,4.0,2007
682,682,3.0,1980
683,683,2.0,-1
684,684,3.0,1919
685,685,-1.0,-1
686,686,-1.0,-1
687,687,2.0,1926
688,688,5.0,-1
689,689,-1.0,2013
690,690,4.0,-1
691,691,5.0,2013
692,692,3.0,1919
693,693,2.0,-1
694,694,5.0,-1
695,695,3.0,1977
696,696,3.0,1964
697,697,3.0,-1
698,698,-1.0,-1
699,699,4.0,-1
700,700,4.0,1939
701,701,-1.0,-1
702,702,2.0,1991
703,703,3.0,1923
704,704,3.0,1855
705,705,3.0,1980
706,706,3.0,1980
707,707,2.0,-1
708,708,3.0,2003
709,709,3.0,1964
710,710,4.0,1999
711,711,2.0,2013
712,712,3.0,1959
713,713,-1.0,-1
714,714,3.0,2016
715,715,3.0,1961
716,716,-1.0,-1
717,717,-1.0,-1
718,718,-1.0,-1
719,719,-1.0,-1
720,720,3.0,1991
721,721,3.0,2000
722,722,3.0,2007
723,723,5.0,1999
724,724,3.0,2001
725,725,3.0,1946
726,726,3.0,1946
727,727,3.0,2001
728,728,2.0,1999
729,729,3.0,1986
730,730,3.0,2011
731,731,4.0,1890
732,732,3.0,2000
733,733,-1.0,-1
734,734,4.0,2010
735,735,4.0,2010
736,736,4.0,1886
737,737,3.0,1999
738,738,3.0,1979
739,739,4.0,1994
740,740,4.0,1997
741,741,3.0,1882
742,742,3.0,1964
743,743,3.0,1971
744,744,3.0,1883
745,745,3.0,1837
746,746,3.0,1999
747,747,3.0,1947
748,748,3.0,1817
749,749,3.0,1882
750,750,4.0,1999
751,751,4.0,2011
752,752,3.0,2015
753,753,3.0,-1
754,754,3.0,2012
755,755,3.0,1983
756,756,-1.0,-1
757,757,3.0,1944
758,758,4.0,2017
759,759,5.0,2008
760,760,3.0,2013
761,761,3.0,-1
762,762,4.0,-1
763,763,3.0,2007
764,764,3.0,2015
765,765,3.0,-1
766,766,-1.0,-1
767,767,-1.0,-1
768,768,3.0,2002
769,769,5.0,2008
770,770,4.0,1994
771,771,3.0,1883
772,772,3.0,2015
773,773,-1.0,-1
774,774,4.0,1996
775,775,4.0,-1
776,776,3.0,1983
777,777,3.0,1991
778,778,4.0,2014
779,779,-1.0,-1
780,780,4.0,-1
781,781,3.0,1837
782,782,2.0,1998
783,783,3.0,1935
784,784,4.0,2004
785,785,4.0,1890
786,786,3.0,-1
787,787,4.0,2000
788,788,3.0,-1
789,789,3.0,1983
790,790,-1.0,2014
791,791,3.0,2001
792,792,3.0,1989
793,793,3.0,-1
794,794,3.0,1908
795,795,3.0,2003
796,796,3.0,1966
797,797,3.0,2004
798,798,3.0,2000
799,799,3.0,1959
800,800,-1.0,-1
801,801,4.0,1996
802,802,1.0,-1
803,803,3.0,1817
804,804,3.0,1988
805,805,4.0,1965
806,806,2.0,1997
807,807,2.0,1982
808,808,3.0,1828
809,809,4.0,1966
810,810,3.0,1906
811,811,4.0,2014
812,812,5.0,-1
813,813,3.0,-1
814,814,2.0,2001
815,815,3.0,1998
816,816,-1.0,-1
817,817,2.0,2005
818,818,4.0,2003
819,819,3.0,1883
820,820,1.0,-1
821,821,3.0,2007
822,822,4.0,2011
823,823,2.0,1961
824,824,3.0,-1
825,825,4.0,1982
826,826,3.0,1889
827,827,5.0,-1
828,828,4.0,2001
829,829,-1.0,-1
830,830,2.0,2005
831,831,4.0,2008
832,832,3.0,1883
833,833,5.0,2008
834,834,-1.0,-1
835,835,2.0,-1
836,836,-1.0,-1
837,837,3.0,1898
838,838,4.0,2004
839,839,-1.0,-1
840,840,2.0,-1
841,841,-1.0,-1
842,842,3.0,1999
843,843,3.0,1976
844,844,3.0,1928
845,845,3.0,1966
846,846,3.0,1967
847,847,3.0,2015
848,848,3.0,1913
849,849,3.0,-1
850,850,1.0,-1
851,851,3.0,1948
852,852,5.0,2018
853,853,4.0,1995
854,854,4.0,2012
855,855,-1.0,2010
856,856,3.0,1901
857,857,3.0,1999
858,858,3.0,1916
859,859,-1.0,-1
860,860,5.0,-1
861,861,4.0,-1
862,862,2.0,-1
863,863,-1.0,-1
864,864,2.0,1998
865,865,3.0,1857
866,866,3.0,2013
867,867,-1.0,-1
868,868,2.0,1998
869,869,-1.0,-1
870,870,3.0,1859
871,871,3.0,1984
872,872,4.0,1982
873,873,2.0,2013
874,874,-1.0,-1
875,875,-1.0,2014
876,876,3.0,-1
877,877,3.0,1997
878,878,3.0,1988
879,879,4.0,-1
880,880,3.0,1901
881,881,-1.0,-1
882,882,3.0,1845
883,883,4.0,-1
884,884,4.0,1984
885,885,2.0,2005
886,886,3.0,-1
887,887,3.0,-1
888,888,3.0,1994
889,889,2.0,2007
890,890,3.0,2000
891,891,3.0,1997
892,892,3.0,1966
893,893,-1.0,-1
894,894,4.0,2014
895,895,3.0,1962
896,896,3.0,1784
897,897,4.0,1955
898,898,-1.0,-1
899,899,3.0,1949
900,900,4.0,2012
901,901,4.0,2003
902,902,-1.0,-1
903,903,2.0,1966
904,904,3.0,-1
905,905,-1.0,-1
906,906,3.0,-1
907,907,4.0,-1
908,908,3.0,1968
909,909,3.0,2000
910,910,3.0,2004
911,911,4.0,-1
912,912,4.0,2010
913,913,4.0,-1
914,914,5.0,2008
915,915,4.0,1986
916,916,2.0,1999
917,917,4.0,2010
918,918,1.0,-1
919,919,2.0,2005
920,920,3.0,-1
921,921,3.0,1967
922,922,3.0,1999
923,923,3.0,-1
924,924,3.0,1970
925,925,5.0,-1
926,926,2.0,-1
927,927,3.0,1948
928,928,4.0,2003
929,929,4.0,-1
930,930,3.0,1980
931,931,3.0,1966
932,932,4.0,-1
933,933,3.0,1822
934,934,3.0,1985
935,935,2.0,2009
936,936,-1.0,-1
937,937,2.0,1998
938,938,3.0,1984
939,939,2.0,2005
940,940,3.0,1949
941,941,3.0,1966
942,942,3.0,-1
943,943,4.0,-1
944,944,4.0,1980
945,945,-1.0,-1
946,946,4.0,1986
947,947,3.0,1994
948,948,4.0,1998
949,949,4.0,2004
950,950,3.0,1949
951,951,2.0,-1
952,952,3.0,1998
953,953,4.0,1972
954,954,3.0,1784
955,955,3.0,1949
956,956,3.0,2012
957,957,4.0,-1
958,958,3.0,1949
959,959,5.0,2007
960,960,5.0,2018
961,961,-1.0,1996
962,962,3.0,1999
963,963,3.0,2000
964,964,3.0,-1
965,965,3.0,2011
966,966,3.0,1955
967,967,4.0,2010
968,968,2.0,1980
969,969,3.0,1864
970,970,4.0,2010
971,971,3.0,1939
972,972,3.0,1975
973,973,3.0,1970
974,974,4.0,1960
975,975,3.0,1939
976,976,3.0,1948
977,977,4.0,2005
978,978,4.0,1986
979,979,4.0,2019
980,980,3.0,1992
981,981,3.0,2003
982,982,3.0,1994
983,983,2.0,-1
984,984,3.0,2002
985,985,3.0,2002
986,986,2.0,-1
987,987,3.0,1999
988,988,3.0,1973
989,989,4.0,-1
990,990,-1.0,-1
991,991,4.0,2019
992,992,3.0,1864
993,993,3.0,1864
994,994,3.0,1948
995,995,2.0,1985
996,996,3.0,1994
997,997,-1.0,-1
998,998,-1.0,-1
999,999,4.0,-1
1000,1000,4.0,1885
1001,1001,3.0,2004
1002,1002,3.0,2000
1003,1003,3.0,2002
1004,1004,2.0,1951
1005,1005,3.0,1922
1006,1006,3.0,1998
1007,1007,3.0,2004
1008,1008,3.0,1957
1009,1009,-1.0,-1
1010,1010,3.0,1945
1011,1011,3.0,1864
1012,1012,2.0,2001
1013,1013,2.0,-1
1014,1014,3.0,-1
1015,1015,5.0,2018
1016,1016,-1.0,-1
1017,1017,4.0,2004
1018,1018,3.0,-1
1019,1019,3.0,1975
1020,1020,3.0,2001
1021,1021,3.0,2005
1022,1022,-1.0,-1
1023,1023,3.0,-1
1024,1024,4.0,1999
1025,1025,3.0,1980
1026,1026,3.0,2003
1027,1027,4.0,2005
1028,1028,3.0,2002
1029,1029,4.0,2003
1030,1030,-1.0,-1
1031,1031,4.0,1986
1032,1032,-1.0,-1
1033,1033,-1.0,-1
1034,1034,3.0,2004
1035,1035,4.0,-1
1036,1036,-1.0,-1
1037,1037,4.0,-1
1038,1038,2.0,2017
1039,1039,2.0,1951
1040,1040,3.0,1997
1041,1041,-1.0,-1
1042,1042,3.0,1864
1043,1043,4.0,-1
1044,1044,3.0,1970
1045,1045,3.0,1889
1046,1046,3.0,1996
1047,1047,3.0,-1
1048,1048,-1.0,-1
1049,1049,3.0,1954
1050,1050,3.0,1914
1051,1051,3.0,2007
1052,1052,5.0,-1
1053,1053,4.0,1966
1054,1054,4.0,2000
1055,1055,4.0,2007
1056,1056,4.0,2000
1057,1057,3.0,1996
1058,1058,2.0,1951
1059,1059,-1.0,-1
1060,1060,3.0,1939
1061,1061,4.0,2008
1062,1062,3.0,1864
1063,1063,-1.0,-1
1064,1064,2.0,1992
1065,1065,2.0,1963
1066,1066,3.0,2008
1067,1067,3.0,1968
1068,1068,2.0,2003
1069,1069,3.0,2017
1070,1070,3.0,1994
1071,1071,4.0,2013
1072,1072,3.0,2004
1073,1073,3.0,2000
1074,1074,-1.0,-1
1075,1075,3.0,2000
1076,1076,3.0,2002
1077,1077,5.0,2008
1078,1078,-1.0,-1
1079,1079,3.0,1966
1080,1080,5.0,-1
1081,1081,3.0,1970
1082,1082,3.0,1995
1083,1083,4.0,1992
1084,1084,3.0,-1
1085,1085,3.0,2013
1086,1086,4.0,1991
1087,1087,3.0,2000
1088,1088,4.0,1740
1089,1089,4.0,-1
1090,1090,3.0,-1
1091,1091,3.0,1989
1092,1092,3.0,-1
1093,1093,3.0,1948
1094,1094,3.0,2005
1095,1095,2.0,1987
1096,1096,4.0,1740
1097,1097,3.0,1983
1098,1098,3.0,-1
1099,1099,-1.0,-1
1100,1100,3.0,1799
1101,1101,5.0,2008
1102,1102,2.0,1904
1103,1103,-1.0,-1
1104,1104,4.0,2014
1105,1105,4.0,1740
1106,1106,-1.0,-1
1107,1107,-1.0,-1
1108,1108,2.0,2007
1109,1109,4.0,-1
1110,1110,3.0,2000
1111,1111,3.0,1993
1112,1112,3.0,1975
1113,1113,2.0,1998
1114,1114,3.0,2000
1115,1115,3.0,2015
1116,1116,4.0,2011
1117,1117,3.0,1992
1118,1118,3.0,-1
1119,1119,4.0,1991
1120,1120,-1.0,-1
1121,1121,-1.0,-1
1122,1122,3.0,2006
1123,1123,4.0,1740
1124,1124,1.0,-1
1125,1125,3.0,1855
1126,1126,4.0,1740
1127,1127,3.0,-1
1128,1128,4.0,2012
1129,1129,3.0,-1
1130,1130,3.0,2011
1131,1131,3.0,2001
1132,1132,2.0,1987
1133,1133,3.0,-1
1134,1134,3.0,1995
1135,1135,2.0,-1
1136,1136,3.0,1975
1137,1137,3.0,1855
1138,1138,3.0,1916
1139,1139,4.0,1996
1140,1140,4.0,1990
1141,1141,3.0,1992
1142,1142,3.0,1957
1143,1143,3.0,2005
1144,1144,-1.0,-1
1145,1145,3.0,-1
1146,1146,2.0,1998
1147,1147,4.0,2011
1148,1148,4.0,1966
1149,1149,-1.0,-1
1150,1150,3.0,2011
1151,1151,3.0,1994
1152,1152,3.0,1994
1153,1153,4.0,-1
1154,1154,4.0,1994
1155,1155,3.0,1970
1156,1156,2.0,-1
1157,1157,4.0,1992
1158,1158,2.0,1904
1159,1159,3.0,1966
1160,1160,4.0,1990
1161,1161,2.0,-1
1162,1162,4.0,2009
1163,1163,3.0,1975
1164,1164,3.0,1970
1165,1165,3.0,1997
1166,1166,3.0,1830
1167,1167,3.0,1994
1168,1168,-1.0,-1
1169,1169,-1.0,-1
1170,1170,3.0,1987
1171,1171,3.0,1987
1172,1172,4.0,1990
1173,1173,5.0,-1
1174,1174,-1.0,-1
1175,1175,3.0,1887
1176,1176,3.0,2002
1177,1177,3.0,1997
1178,1178,-1.0,-1
1179,1179,2.0,2004
1180,1180,1.0,-1
1181,1181,2.0,1998
1182,1182,4.0,1995
1183,1183,3.0,-1
1184,1184,3.0,-1
1185,1185,4.0,2002
1186,1186,-1.0,-1
1187,1187,3.0,1970
1188,1188,-1.0,-1
1189,1189,5.0,2008
1190,1190,3.0,2007
1191,1191,4.0,1990
1192,1192,3.0,1983
1193,1193,1.0,-1
1194,1194,4.0,2011
1195,1195,3.0,-1
1196,1196,3.0,1784
1197,1197,3.0,2011
1198,1198,4.0,1974
1199,1199,4.0,1966
1200,1200,-1.0,-1
1201,1201,3.0,-1
1202,1202,3.0,1991
1203,1203,4.0,2010
1204,1204,3.0,1996
1205,1205,3.0,-1
1206,1206,3.0,1986
1207,1207,3.0,2002
1208,1208,3.0,2011
1209,1209,4.0,2014
1210,1210,3.0,2010
1211,1211,3.0,1985
1212,1212,4.0,1905
1213,1213,2.0,-1
1214,1214,4.0,-1
1215,1215,-1.0,-1
1216,1216,2.0,2001
1217,1217,3.0,-1
1218,1218,5.0,2008
1219,1219,3.0,-1
1220,1220,4.0,1999
1221,1221,4.0,2016
1222,1222,3.0,1991
1223,1223,3.0,1995
1224,1224,-1.0,-1
1225,1225,4.0,1966
1226,1226,2.0,1965
1227,1227,3.0,1999
1228,1228,4.0,1961
1229,1229,4.0,2003
1230,1230,3.0,1996
1231,1231,3.0,2005
1232,1232,-1.0,2015
1233,1233,2.0,1991
1234,1234,3.0,2003
1235,1235,3.0,2002
1236,1236,-1.0,-1
1237,1237,3.0,1974
1238,1238,4.0,1966
1239,1239,3.0,-1
1240,1240,3.0,1999
1241,1241,4.0,1999
1242,1242,-1.0,-1
1243,1243,3.0,2001
1244,1244,4.0,-1
1245,1245,3.0,1995
1246,1246,-1.0,-1
1247,1247,3.0,1990
1248,1248,3.0,1990
1249,1249,3.0,1962
1250,1250,3.0,1953
1251,1251,4.0,1960
1252,1252,3.0,1990
1253,1253,4.0,-1
1254,1254,3.0,1997
1255,1255,4.0,1868
1256,1256,3.0,1966
1257,1257,4.0,-1
1258,1258,3.0,2003
1259,1259,4.0,2010
1260,1260,5.0,2008
1261,1261,3.0,1953
1262,1262,3.0,1990
1263,1263,4.0,2010
1264,1264,3.0,2000
1265,1265,4.0,2014
1266,1266,5.0,-1
1267,1267,3.0,2009
1268,1268,3.0,2006
1269,1269,3.0,1998
1270,1270,2.0,2004
1271,1271,3.0,1952
1272,1272,5.0,2008
1273,1273,3.0,-1
1274,1274,-1.0,-1
1275,1275,3.0,1999
1276,1276,3.0,1897
1277,1277,3.0,1989
1278,1278,3.0,1946
1279,1279,4.0,1945
1280,1280,3.0,1998
1281,1281,4.0,1960
1282,1282,4.0,2000
1283,1283,4.0,2013
1284,1284,4.0,1983
1285,1285,-1.0,-1
1286,1286,3.0,1966
1287,1287,2.0,-1
1288,1288,4.0,1983
1289,1289,3.0,1984
1290,1290,4.0,1985
1291,1291,4.0,2000
1292,1292,3.0,-1
1293,1293,4.0,1960
1294,1294,5.0,2008
1295,1295,3.0,-1
1296,1296,3.0,2010
1297,1297,3.0,2018
1298,1298,4.0,1960
1299,1299,2.0,1989
1300,1300,-1.0,-1
1301,1301,3.0,1983
1302,1302,4.0,1962
1303,1303,3.0,1990
1304,1304,3.0,1966
1305,1305,4.0,1990
1306,1306,4.0,2002
1307,1307,3.0,1996
1308,1308,4.0,1960
1309,1309,3.0,-1
1310,1310,3.0,1986
1311,1311,3.0,2018
1312,1312,3.0,2004
1313,1313,4.0,1988
1314,1314,4.0,1988
1315,1315,4.0,1976
1316,1316,3.0,1994
1317,1317,3.0,1973
1318,1318,4.0,2015
1319,1319,3.0,1999
1320,1320,3.0,2000
1321,1321,4.0,1869
1322,1322,5.0,-1
1323,1323,3.0,1957
1324,1324,3.0,1914
1325,1325,3.0,-1
1326,1326,4.0,1995
1327,1327,3.0,-1
1328,1328,4.0,1869
1329,1329,3.0,1919
1330,1330,-1.0,-1
1331,1331,3.0,1994
1332,1332,4.0,1865
1333,1333,3.0,1970
1334,1334,3.0,-1
1335,1335,3.0,1999
1336,1336,2.0,1998
1337,1337,2.0,1998
1338,1338,4.0,1921
1339,1339,5.0,2008
1340,1340,2.0,-1
1341,1341,3.0,1967
1342,1342,3.0,2005
1343,1343,3.0,1867
1344,1344,-1.0,-1
1345,1345,3.0,2017
1346,1346,4.0,1966
1347,1347,4.0,1999
1348,1348,3.0,1867
1349,1349,3.0,1889
1350,1350,3.0,2017
1351,1351,4.0,1913
1352,1352,-1.0,-1
1353,1353,3.0,2010
1354,1354,-1.0,-1
1355,1355,3.0,1971
1356,1356,2.0,1933
1357,1357,3.0,-1
1358,1358,3.0,1997
1359,1359,3.0,1914
1360,1360,1.0,-1
1361,1361,4.0,2004
1362,1362,3.0,1906
1363,1363,3.0,1812
1364,1364,5.0,2008
1365,1365,2.0,1966
1366,1366,-1.0,-1
1367,1367,4.0,1869
1368,1368,3.0,1987
1369,1369,4.0,-1
1370,1370,3.0,1995
1371,1371,2.0,1998
1372,1372,3.0,1963
1373,1373,4.0,1990
1374,1374,3.0,2007
1375,1375,4.0,1999
1376,1376,4.0,1984
1377,1377,4.0,2008
1378,1378,5.0,-1
1379,1379,1.0,1997
1380,1380,3.0,1967
1381,1381,2.0,1995
1382,1382,4.0,2008
1383,1383,3.0,1812
1384,1384,-1.0,-1
1385,1385,3.0,1947
1386,1386,3.0,-1
1387,1387,4.0,1998
1388,1388,4.0,-1
1389,1389,4.0,-1
1390,1390,3.0,-1
1391,1391,3.0,2005
1392,1392,3.0,1874
1393,1393,3.0,1996
1394,1394,-1.0,-1
1395,1395,3.0,2012
1396,1396,-1.0,-1
1397,1397,2.0,1933
1398,1398,2.0,1967
1399,1399,4.0,-1
1400,1400,2.0,-1
1401,1401,3.0,-1
1402,1402,3.0,2005
1403,1403,3.0,-1
1404,1404,-1.0,-1
1405,1405,4.0,1967
1406,1406,4.0,-1
1407,1407,3.0,1996
1408,1408,3.0,2017
1409,1409,3.0,1991
1410,1410,2.0,1995
1411,1411,3.0,-1
1412,1412,2.0,1967
1413,1413,3.0,2013
1414,1414,-1.0,-1
1415,1415,3.0,1946
1416,1416,-1.0,-1
1417,1417,3.0,1799
1418,1418,3.0,1999
1419,1419,-1.0,1999
1420,1420,3.0,1991
1421,1421,5.0,-1
1422,1422,3.0,1962
1423,1423,2.0,-1
1424,1424,-1.0,-1
1425,1425,3.0,-1
1426,1426,4.0,-1
1427,1427,3.0,2015
1428,1428,4.0,2008
1429,1429,3.0,1978
1430,1430,4.0,1966
1431,1431,4.0,-1
1432,1432,4.0,1966
1433,1433,3.0,1996
1434,1434,3.0,1812
1435,1435,4.0,-1
1436,1436,3.0,-1
1437,1437,4.0,1967
1438,1438,4.0,-1
1439,1439,3.0,-1
1440,1440,4.0,-1
1441,1441,3.0,1999
1442,1442,4.0,-1
1443,1443,3.0,1938
1444,1444,3.0,2007
1445,1445,3.0,1994
1446,1446,2.0,1995
1447,1447,4.0,-1
1448,1448,3.0,1947
1449,1449,3.0,2002
1450,1450,3.0,2007
1451,1451,3.0,-1
1452,1452,3.0,-1
1453,1453,4.0,-1
1454,1454,4.0,2011
1455,1455,3.0,2006
1456,1456,3.0,1995
1457,1457,3.0,1923
1458,1458,4.0,-1
1459,1459,-1.0,-1
1460,1460,3.0,2001
1461,1461,-1.0,-1
1462,1462,3.0,1995
1463,1463,4.0,1966
1464,1464,4.0,2013
1465,1465,-1.0,-1
1466,1466,2.0,1912
1467,1467,4.0,-1
1468,1468,4.0,2010
1469,1469,4.0,1993
1470,1470,3.0,1989
1471,1471,4.0,2012
1472,1472,3.0,1997
1473,1473,3.0,1990
1474,1474,3.0,1946
1475,1475,3.0,2003
1476,1476,3.0,1997
1477,1477,3.0,2002
1478,1478,4.0,2006
1479,1479,-1.0,-1
1480,1480,3.0,2009
1481,1481,4.0,-1
1482,1482,3.0,2000
1483,1483,3.0,1996
1484,1484,5.0,2016
1485,1485,4.0,-1
1486,1486,4.0,2016
1487,1487,3.0,2002
1488,1488,3.0,-1
1489,1489,4.0,-1
1490,1490,4.0,2011
1491,1491,3.0,-1
1492,1492,3.0,1997
1493,1493,-1.0,-1
1494,1494,3.0,-1
1495,1495,3.0,2000
1496,1496,3.0,2002
1497,1497,4.0,2015
1498,1498,3.0,1997
1499,1499,5.0,-1
1500,1500,4.0,1976
1501,1501,3.0,1977
1502,1502,3.0,1988
1503,1503,3.0,2004
1504,1504,4.0,1994
1505,1505,4.0,1991
1506,1506,4.0,-1
1507,1507,3.0,2006
1508,1508,4.0,2013
1509,1509,2.0,2015
1510,1510,4.0,2011
1511,1511,3.0,1992
1512,1512,4.0,-1
1513,1513,4.0,1998
1514,1514,5.0,2008
1515,1515,-1.0,-1
1516,1516,-1.0,-1
1517,1517,4.0,1976
1518,1518,4.0,1976
1519,1519,4.0,2007
1520,1520,4.0,1972
1521,1521,3.0,1992
1522,1522,5.0,2008
1523,1523,4.0,-1
1524,1524,4.0,1995
1525,1525,4.0,1891
1526,1526,4.0,-1
1527,1527,3.0,1807
1528,1528,4.0,1988
1529,1529,4.0,2016
1530,1530,4.0,1976
1531,1531,-1.0,-1
1532,1532,4.0,2013
1533,1533,4.0,-1
1534,1534,4.0,-1
1535,1535,-1.0,-1
1536,1536,4.0,1976
1537,1537,4.0,1999
1538,1538,4.0,1994
1539,1539,4.0,-1
1540,1540,3.0,2002
1541,1541,-1.0,-1
1542,1542,3.0,2000
1543,1543,3.0,2010
1544,1544,4.0,-1
1545,1545,3.0,1997
1546,1546,4.0,-1
1547,1547,3.0,1948
1548,1548,3.0,1996
1549,1549,3.0,2013
1550,1550,4.0,2000
1551,1551,3.0,2006
1552,1552,4.0,2015
1553,1553,4.0,1976
1554,1554,4.0,1995
1555,1555,4.0,2011
1556,1556,3.0,2014
1557,1557,4.0,1976
1558,1558,3.0,1995
1559,1559,4.0,1988
1560,1560,3.0,-1
1561,1561,4.0,-1
1562,1562,3.0,2013
1563,1563,3.0,-1
1564,1564,3.0,1994
1565,1565,-1.0,-1
1566,1566,-1.0,-1
1567,1567,4.0,-1
1568,1568,4.0,-1
1569,1569,4.0,2011
1570,1570,3.0,1960
1571,1571,3.0,2011
1572,1572,3.0,1978
1573,1573,4.0,2003
1574,1574,4.0,-1
1575,1575,4.0,2006
1576,1576,4.0,1995
1577,1577,3.0,2002
1578,1578,4.0,1983
1579,1579,3.0,1957
1580,1580,3.0,1996
1581,1581,3.0,-1
1582,1582,3.0,2002
1583,1583,3.0,-1
1584,1584,3.0,1946
1585,1585,4.0,1945
1586,1586,4.0,2007
1587,1587,3.0,2014
1588,1588,-1.0,1990
1589,1589,3.0,1996
1590,1590,-1.0,-1
1591,1591,3.0,1997
1592,1592,2.0,2009
1593,1593,3.0,2014
1594,1594,-1.0,-1
1595,1595,3.0,2002
1596,1596,3.0,1978
1597,1597,3.0,1999
1598,1598,4.0,2010
1599,1599,-1.0,-1
1600,1600,3.0,2002
1601,1601,5.0,2008
1602,1602,4.0,2000
1603,1603,3.0,2006
1604,1604,4.0,1976
1605,1605,3.0,2002
1606,1606,4.0,-1
1607,1607,3.0,2003
1608,1608,4.0,1998
1609,1609,-1.0,-1
1610,1610,3.0,2000
1611,1611,4.0,2006
1612,1612,2.0,-1
1613,1613,4.0,1988
1614,1614,4.0,-1
1615,1615,3.0,2010
1616,1616,3.0,2002
1617,1617,3.0,2001
1618,1618,3.0,1996
1619,1619,3.0,1995
1620,1620,3.0,2000
1621,1621,3.0,-1
1622,1622,3.0,2004
1623,1623,3.0,2002
1624,1624,3.0,-1
1625,1625,2.0,2009
1626,1626,-1.0,-1
1627,1627,-1.0,-1
1628,1628,-1.0,-1
1629,1629,3.0,2006
1630,1630,3.0,2002
1631,1631,4.0,-1
1632,1632,4.0,1976
1633,1633,3.0,2004
1634,1634,4.0,-1
1635,1635,3.0,1995
1636,1636,2.0,1998
1637,1637,4.0,2017
1638,1638,2.0,1996
1639,1639,3.0,2016
1640,1640,2.0,2014
1641,1641,2.0,1912
1642,1642,4.0,2014
1643,1643,4.0,2008
1644,1644,2.0,1912
1645,1645,4.0,2007
1646,1646,4.0,2005
1647,1647,4.0,2010
1648,1648,3.0,-1
1649,1649,3.0,1937
1650,1650,2.0,1912
1651,1651,4.0,2010
1652,1652,3.0,1980
1653,1653,4.0,2017
1654,1654,4.0,1999
1655,1655,1.0,2015
1656,1656,5.0,2008
1657,1657,3.0,2012
1658,1658,3.0,1998
1659,1659,5.0,2008
1660,1660,4.0,2013
1661,1661,3.0,1948
1662,1662,4.0,2004
1663,1663,4.0,2016
1664,1664,3.0,1999
1665,1665,4.0,-1
1666,1666,2.0,1912
1667,1667,-1.0,-1
1668,1668,3.0,2004
1669,1669,3.0,1938
1670,1670,2.0,1988
1671,1671,2.0,1998
1672,1672,2.0,-1
1673,1673,-1.0,-1
1674,1674,4.0,-1
1675,1675,4.0,1993
1676,1676,3.0,2015
1677,1677,2.0,1912
1678,1678,3.0,1984
1679,1679,2.0,-1
1680,1680,-1.0,-1
1681,1681,2.0,-1
1682,1682,3.0,2005
1683,1683,2.0,1996
1684,1684,3.0,2006
1685,1685,3.0,-1
1686,1686,-1.0,-1
1687,1687,3.0,2010
1688,1688,2.0,1987
1689,1689,3.0,1999
1690,1690,3.0,1991
1691,1691,3.0,2006
1692,1692,3.0,1936
1693,1693,3.0,1996
1694,1694,3.0,1914
1695,1695,3.0,1997
1696,1696,3.0,-1
1697,1697,3.0,2006
1698,1698,3.0,1996
1699,1699,3.0,1985
1700,1700,3.0,-1
1701,1701,-1.0,-1
1702,1702,2.0,1912
1703,1703,3.0,1999
1704,1704,4.0,-1
1705,1705,3.0,1999
1706,1706,5.0,2008
1707,1707,2.0,1957
1708,1708,-1.0,-1
1709,1709,3.0,2007
1710,1710,4.0,-1
1711,1711,3.0,2007
1712,1712,-1.0,-1
1713,1713,2.0,2015
1714,1714,-1.0,-1
1715,1715,3.0,1984
1716,1716,4.0,-1
1717,1717,2.0,-1
1718,1718,2.0,1957
1719,1719,3.0,1970
1720,1720,3.0,-1
1721,1721,3.0,1994
1722,1722,3.0,1948
1723,1723,3.0,1870
1724,1724,3.0,1981
1725,1725,5.0,2008
1726,1726,-1.0,1996
1727,1727,3.0,1998
1728,1728,3.0,1870
1729,1729,3.0,1921
1730,1730,5.0,2008
1731,1731,3.0,1870
1732,1732,5.0,2008
1733,1733,-1.0,-1
1734,1734,-1.0,-1
1735,1735,2.0,1990
1736,1736,5.0,-1
1737,1737,5.0,1982
1738,1738,3.0,2002
1739,1739,-1.0,-1
1740,1740,3.0,1923
1741,1741,4.0,-1
1742,1742,3.0,1991
1743,1743,-1.0,2011
1744,1744,3.0,1935
1745,1745,3.0,1992
1746,1746,4.0,1995
1747,1747,5.0,2006
1748,1748,3.0,1995
1749,1749,2.0,1992
1750,1750,-1.0,-1
1751,1751,1.0,-1
1752,1752,4.0,1998
1753,1753,4.0,1999
1754,1754,3.0,1986
1755,1755,-1.0,-1
1756,1756,-1.0,-1
1757,1757,4.0,1999
1758,1758,4.0,-1
1759,1759,3.0,1999
1760,1760,4.0,1999
1761,1761,3.0,2012
1762,1762,3.0,1892
1763,1763,2.0,1985
1764,1764,3.0,1892
1765,1765,3.0,1799
1766,1766,-1.0,-1
1767,1767,3.0,1969
1768,1768,3.0,1888
1769,1769,5.0,2008
1770,1770,2.0,-1
1771,1771,2.0,-1
1772,1772,3.0,1892
1773,1773,2.0,-1
1774,1774,5.0,2008
1775,1775,3.0,2004
1776,1776,4.0,2000
1777,1777,3.0,-1
1778,1778,-1.0,-1
1779,1779,5.0,1997
1780,1780,4.0,-1
1781,1781,4.0,2008
1782,1782,3.0,1892
1783,1783,5.0,2008
1784,1784,2.0,-1
1785,1785,4.0,1999
1786,1786,4.0,2008
1787,1787,3.0,1888
1788,1788,-1.0,-1
1789,1789,-1.0,-1
1790,1790,3.0,-1
1791,1791,3.0,2004
1792,1792,3.0,1892
1793,1793,3.0,1799
1794,1794,4.0,1994
1795,1795,3.0,1852
1796,1796,3.0,2017
1797,1797,5.0,-1
1798,1798,3.0,1989
1799,1799,3.0,1968
1800,1800,5.0,1981
1801,1801,3.0,2004
1802,1802,4.0,1966
1803,1803,4.0,1991
1804,1804,3.0,1983
1805,1805,3.0,1992
1806,1806,3.0,-1
1807,1807,3.0,1980
1808,1808,3.0,-1
1809,1809,3.0,2005
1810,1810,3.0,1997
1811,1811,4.0,1999
1812,1812,3.0,1968
1813,1813,3.0,1948
1814,1814,4.0,1966
1815,1815,3.0,1983
1816,1816,5.0,2008
1817,1817,4.0,-1
1818,1818,3.0,-1
1819,1819,3.0,1983
1820,1820,-1.0,-1
1821,1821,4.0,1997
1822,1822,3.0,2002
1823,1823,3.0,1975
1824,1824,3.0,2002
1825,1825,-1.0,-1
1826,1826,3.0,2005
1827,1827,2.0,1935
1828,1828,3.0,1967
1829,1829,3.0,1995
1830,1830,3.0,1997
1831,1831,3.0,1999
1832,1832,2.0,-1
1833,1833,2.0,1956
1834,1834,4.0,1996
1835,1835,3.0,2019
1836,1836,2.0,-1
1837,1837,-1.0,1973
1838,1838,3.0,-1
1839,1839,4.0,-1
1840,1840,5.0,-1
1841,1841,3.0,2016
1842,1842,4.0,1983
1843,1843,5.0,2008
1844,1844,-1.0,-1
1845,1845,3.0,1698
1846,1846,4.0,1966
1847,1847,3.0,1967
1848,1848,4.0,-1
1849,1849,3.0,1983
1850,1850,2.0,-1
1851,1851,4.0,2010
1852,1852,-1.0,-1
1853,1853,4.0,1991
1854,1854,5.0,-1
1855,1855,3.0,-1
1856,1856,4.0,1966
1857,1857,3.0,2002
1858,1858,4.0,1983
1859,1859,2.0,-1
1860,1860,-1.0,-1
1861,1861,3.0,1990
1862,1862,3.0,1946
1863,1863,-1.0,1996
1864,1864,2.0,1935
1865,1865,-1.0,-1
1866,1866,5.0,2008
1867,1867,1.0,2006
1868,1868,4.0,2011
1869,1869,-1.0,-1
1870,1870,-1.0,-1
1871,1871,3.0,1946
1872,1872,4.0,2006
1873,1873,-1.0,-1
1874,1874,-1.0,-1
1875,1875,3.0,1998
1876,1876,4.0,1983
1877,1877,3.0,1904
1878,1878,3.0,1999
1879,1879,3.0,1864
1880,1880,3.0,2004
1881,1881,-1.0,-1
1882,1882,3.0,1997
1883,1883,3.0,2017
1884,1884,3.0,1975
1885,1885,3.0,1946
1886,1886,3.0,1998
1887,1887,3.0,1946
1888,1888,4.0,1982
1889,1889,3.0,2006
1890,1890,3.0,2008
1891,1891,3.0,1997
1892,1892,4.0,1982
1893,1893,5.0,2014
1894,1894,3.0,2008
1895,1895,4.0,2011
1896,1896,3.0,2002
1897,1897,3.0,1964
1898,1898,4.0,2011
1899,1899,4.0,-1
1900,1900,4.0,2014
1901,1901,3.0,2011
1902,1902,3.0,1998
1903,1903,3.0,2014
1904,1904,3.0,2005
1905,1905,3.0,2000
1906,1906,4.0,2016
1907,1907,5.0,-1
1908,1908,4.0,2017
1909,1909,4.0,2010
1910,1910,3.0,2000
1911,1911,4.0,2012
1912,1912,3.0,1906
1913,1913,4.0,2012
1914,1914,2.0,2002
1915,1915,-1.0,1996
1916,1916,4.0,2014
1917,1917,4.0,2012
1918,1918,3.0,2012
1919,1919,5.0,2016
1920,1920,4.0,2014
1921,1921,3.0,2007
1922,1922,-1.0,-1
1923,1923,3.0,1924
1924,1924,3.0,-1
1925,1925,4.0,1907
1926,1926,4.0,2009
1927,1927,4.0,2012
1928,1928,4.0,2012
1929,1929,5.0,-1
1930,1930,-1.0,-1
1931,1931,3.0,2004
1932,1932,-1.0,-1
1933,1933,4.0,2012
1934,1934,3.0,2009
1935,1935,3.0,1992
1936,1936,3.0,2000
1937,1937,4.0,1907
1938,1938,4.0,2007
1939,1939,3.0,2004
1940,1940,-1.0,-1
1941,1941,4.0,2006
1942,1942,4.0,1864
1943,1943,3.0,2001
1944,1944,5.0,-1
1945,1945,3.0,2002
1946,1946,3.0,1989
1947,1947,4.0,1996
1948,1948,2.0,-1
1949,1949,3.0,2000
1950,1950,3.0,2012
1951,1951,3.0,1985
1952,1952,3.0,1996
1953,1953,3.0,1981
1954,1954,3.0,2016
1955,1955,4.0,2011
1956,1956,3.0,1999
1957,1957,5.0,-1
1958,1958,4.0,2016
1959,1959,4.0,2013
1960,1960,4.0,2007
1961,1961,4.0,2008
1962,1962,5.0,2008
1963,1963,3.0,2002
1964,1964,4.0,2006
1965,1965,4.0,2000
1966,1966,3.0,1902
1967,1967,3.0,2007
1968,1968,3.0,2014
1969,1969,4.0,-1
1970,1970,-1.0,-1
1971,1971,-1.0,-1
1972,1972,3.0,1996
1973,1973,3.0,1999
1974,1974,-1.0,-1
1975,1975,3.0,2015
1976,1976,3.0,2010
1977,1977,-1.0,-1
1978,1978,-1.0,-1
1979,1979,4.0,2012
1980,1980,4.0,2014
1981,1981,3.0,2011
1982,1982,3.0,-1
1983,1983,3.0,2010
1984,1984,4.0,2009
1985,1985,3.0,1996
1986,1986,4.0,2014
1987,1987,-1.0,-1
1988,1988,-1.0,-1
1989,1989,4.0,1993
1990,1990,-1.0,-1
1991,1991,3.0,1993
1992,1992,3.0,1996
1993,1993,-1.0,-1
1994,1994,3.0,-1
1995,1995,-1.0,-1
1996,1996,3.0,2017
1997,1997,-1.0,-1
1998,1998,3.0,2009
1999,1999,3.0,-1
2000,2000,3.0,2006
2001,2001,4.0,-1
2002,2002,5.0,2008
2003,2003,2.0,1874
2004,2004,4.0,-1
2005,2005,2.0,-1
2006,2006,3.0,2002
2007,2007,4.0,2001
2008,2008,3.0,-1
2009,2009,3.0,2004
2010,2010,3.0,2013
2011,2011,4.0,2009
2012,2012,4.0,1966
2013,2013,3.0,1952
2014,2014,3.0,2007
2015,2015,4.0,2013
2016,2016,-1.0,-1
2017,2017,3.0,2002
2018,2018,-1.0,-1
2019,2019,3.0,1995
2020,2020,4.0,2012
2021,2021,4.0,2016
2022,2022,-1.0,-1
2023,2023,4.0,1682
2024,2024,5.0,-1
2025,2025,4.0,1997
2026,2026,4.0,2013
2027,2027,-1.0,-1
2028,2028,4.0,-1
2029,2029,2.0,2014
2030,2030,-1.0,-1
2031,2031,3.0,2002
2032,2032,3.0,1999
2033,2033,3.0,1983
2034,2034,3.0,-1
2035,2035,3.0,2002
2036,2036,3.0,2002
2037,2037,3.0,1999
2038,2038,4.0,2011
2039,2039,3.0,2005
2040,2040,3.0,1999
2041,2041,3.0,2004
2042,2042,5.0,2008
2043,2043,4.0,2007
2044,2044,4.0,1995
2045,2045,4.0,2001
2046,2046,5.0,-1
2047,2047,4.0,2004
2048,2048,3.0,1947
2049,2049,3.0,1981
2050,2050,4.0,2013
2051,2051,-1.0,-1
2052,2052,3.0,2012
2053,2053,3.0,-1
2054,2054,4.0,2000
2055,2055,3.0,2001
2056,2056,3.0,-1
2057,2057,3.0,1852
2058,2058,3.0,1996
2059,2059,3.0,1997
2060,2060,3.0,2015
2061,2061,3.0,-1
2062,2062,4.0,2000
2063,2063,3.0,2003
2064,2064,3.0,-1
2065,2065,3.0,2015
2066,2066,3.0,1980
2067,2067,-1.0,-1
2068,2068,4.0,2000
2069,2069,4.0,2000
2070,2070,4.0,-1
2071,2071,-1.0,-1
2072,2072,5.0,1998
2073,2073,3.0,2001
2074,2074,3.0,2014
2075,2075,3.0,1998
2076,2076,4.0,2012
2077,2077,2.0,-1
2078,2078,3.0,2015
2079,2079,2.0,1998
2080,2080,5.0,2008
2081,2081,3.0,-1
2082,2082,3.0,2001
2083,2083,4.0,-1
2084,2084,4.0,2010
2085,2085,5.0,2008
2086,2086,3.0,1998
2087,2087,3.0,1890
2088,2088,4.0,2010
2089,2089,3.0,1951
2090,2090,2.0,1997
2091,2091,5.0,2008
2092,2092,3.0,1875
2093,2093,2.0,-1
2094,2094,4.0,-1
2095,2095,2.0,1979
2096,2096,3.0,1996
2097,2097,4.0,2011
2098,2098,3.0,1997
2099,2099,4.0,1975
2100,2100,4.0,2001
2101,2101,3.0,1917
2102,2102,3.0,-1
2103,2103,4.0,1976
2104,2104,3.0,2008
2105,2105,4.0,1975
2106,2106,-1.0,-1
2107,2107,4.0,1976
2108,2108,3.0,1996
2109,2109,2.0,2000
2110,2110,5.0,2008
2111,2111,4.0,1997
2112,2112,5.0,2008
2113,2113,4.0,-1
2114,2114,3.0,1992
2115,2115,3.0,1975
2116,2116,3.0,-1
2117,2117,2.0,1945
2118,2118,3.0,1998
2119,2119,3.0,-1
2120,2120,3.0,-1
2121,2121,3.0,1996
2122,2122,4.0,1975
2123,2123,4.0,2001
2124,2124,3.0,1975
2125,2125,3.0,1999
2126,2126,4.0,-1
2127,2127,-1.0,-1
2128,2128,3.0,1999
2129,2129,4.0,1976
2130,2130,3.0,2016
2131,2131,-1.0,-1
2132,2132,4.0,1975
2133,2133,4.0,2001
2134,2134,4.0,1975
2135,2135,5.0,2008
2136,2136,3.0,1992
2137,2137,4.0,1990
2138,2138,-1.0,-1
2139,2139,4.0,2012
2140,2140,-1.0,-1
2141,2141,4.0,2006
2142,2142,-1.0,-1
2143,2143,3.0,1990
2144,2144,3.0,-1
2145,2145,4.0,1876
2146,2146,4.0,2001
2147,2147,-1.0,-1
2148,2148,-1.0,-1
2149,2149,4.0,2001
2150,2150,4.0,1785
2151,2151,5.0,2008
2152,2152,5.0,2008
2153,2153,5.0,2008
2154,2154,3.0,2015
2155,2155,3.0,1997
2156,2156,-1.0,-1
2157,2157,3.0,2001
2158,2158,4.0,1982
2159,2159,3.0,2010
2160,2160,4.0,2008
2161,2161,3.0,2005
2162,2162,3.0,1996
2163,2163,4.0,1997
2164,2164,2.0,1945
2165,2165,3.0,1993
2166,2166,3.0,2000
2167,2167,5.0,2018
2168,2168,4.0,1991
2169,2169,3.0,2013
2170,2170,3.0,1997
2171,2171,4.0,2015
2172,2172,3.0,2005
2173,2173,5.0,2008
2174,2174,3.0,1909
2175,2175,3.0,1916
2176,2176,3.0,2004
2177,2177,3.0,2005
2178,2178,3.0,1995
2179,2179,5.0,2008
2180,2180,4.0,-1
2181,2181,5.0,-1
2182,2182,4.0,1993
2183,2183,3.0,2012
2184,2184,3.0,2000
2185,2185,3.0,-1
2186,2186,4.0,1991
2187,2187,3.0,1973
2188,2188,3.0,2007
2189,2189,3.0,1995
2190,2190,3.0,2007
2191,2191,5.0,2001
2192,2192,-1.0,-1
2193,2193,4.0,1966
2194,2194,3.0,1921
2195,2195,3.0,2002
2196,2196,3.0,1957
2197,2197,4.0,2005
2198,2198,3.0,-1
2199,2199,3.0,2007
2200,2200,-1.0,-1
2201,2201,2.0,-1
2202,2202,-1.0,-1
2203,2203,3.0,1994
2204,2204,3.0,-1
2205,2205,2.0,-1
2206,2206,5.0,-1
2207,2207,5.0,2001
2208,2208,3.0,2004
2209,2209,4.0,-1
2210,2210,4.0,1789
2211,2211,3.0,1930
2212,2212,3.0,1997
2213,2213,3.0,1963
2214,2214,2.0,-1
2215,2215,3.0,1990
2216,2216,4.0,1989
2217,2217,4.0,1981
2218,2218,4.0,1945
2219,2219,2.0,2013
2220,2220,5.0,-1
2221,2221,5.0,2008
2222,2222,4.0,-1
2223,2223,2.0,1991
2224,2224,4.0,-1
2225,2225,3.0,2000
2226,2226,5.0,2008
2227,2227,3.0,2006
2228,2228,2.0,1998
2229,2229,3.0,1995
2230,2230,3.0,1930
2231,2231,2.0,1937
2232,2232,2.0,-1
2233,2233,3.0,1995
2234,2234,3.0,1963
2235,2235,4.0,-1
2236,2236,3.0,1972
2237,2237,3.0,1994
2238,2238,4.0,1999
2239,2239,-1.0,-1
2240,2240,2.0,-1
2241,2241,2.0,-1
2242,2242,3.0,1970
2243,2243,3.0,1930
2244,2244,2.0,-1
2245,2245,2.0,2004
2246,2246,-1.0,-1
2247,2247,4.0,-1
2248,2248,2.0,-1
2249,2249,2.0,1935
2250,2250,-1.0,-1
2251,2251,3.0,1984
2252,2252,3.0,1864
